上位のページ,クリック数,表示回数,CTR,掲載順位
https://ryoei.pro/houou_ranking.html?sheet=%E9%B3%B3%E5%87%B0,2,26,7.69%,8.08
https://ryoei.pro/houou_results.html?name=%E5%86%85%E7%94%B0%E3%81%BF%E3%81%93,1,1,100%,1
https://ryoei.pro/,0,13,0%,7.62
https://ryoei.pro/houou_leagues.html,0,12,0%,13.08
https://ryoei.pro/jpml_pros.html?name=%E7%99%BD%E9%8A%80%E7%B4%97%E5%B8%8C,0,11,0%,9.82
https://ryoei.pro/houou_leagues.html?name=%E9%87%8E%E6%9D%91%E9%A7%BF,0,7,0%,8.71
https://ryoei.pro/jpml_test.html,0,6,0%,12.17
https://ryoei.pro/resource_dictionary.html,0,5,0%,5.4
https://ryoei.pro/houou_results.html?name=%E5%85%83%E6%B0%8F%E3%81%AA%E3%81%A5%E3%81%AF,0,4,0%,4.75
https://ryoei.pro/jpml_pros.html,0,4,0%,11
https://ryoei.pro/ouka_results.html?name=%E7%9F%A5%E5%BF%B5%E3%82%8A%E3%81%BB,0,4,0%,14.25
https://ryoei.pro/ouka_leagues.html,0,3,0%,8.67
https://ryoei.pro/video_live.html?name=%E5%BA%84%E7%94%B0%E7%A5%90%E7%94%9F,0,2,0%,3.5
https://ryoei.pro/saikyo_mens.html,0,2,0%,4.5
https://ryoei.pro/ouka_results.html?name=%E8%A5%BF%E7%94%B0%E3%81%BF%E3%81%8A,0,2,0%,6
https://ryoei.pro/video_live.html?name=%E4%BB%B2%E7%94%B0%E5%8A%A0%E5%8D%97,0,2,0%,6
https://ryoei.pro/jpml_titles.html?name=%E4%BB%8A%E9%87%8C%E9%82%A6%E5%BD%A6,0,2,0%,7
https://ryoei.pro/video_live.html?name=%E5%92%8C%E4%B9%85%E6%B4%A5%E6%99%B6,0,2,0%,9
https://ryoei.pro/jpml_titles.html?name=%E5%B1%B1%E6%9C%AC%E7%A5%90%E8%BC%94,0,2,0%,11
https://ryoei.pro/jpml_titles.html?name=%E6%A1%91%E7%94%B0%E6%86%B2%E6%B1%B0,0,2,0%,11
https://ryoei.pro/video_live.html?name=%E5%BE%8C%E8%97%A4%E5%92%B2,0,1,0%,1
https://ryoei.pro/houou_results.html?name=%E7%8C%BF%E5%B7%9D%E7%9C%9F%E5%AF%BF,0,1,0%,3
https://ryoei.pro/ouka_results.html?name=%E5%A6%82%E6%9C%88%E6%98%8E%E6%97%A5%E9%A6%99,0,1,0%,3
https://ryoei.pro/jpml_titles.html?name=%E6%A8%AB%E6%9E%97%E6%84%9B%E5%AD%90,0,1,0%,4
https://ryoei.pro/video_mtsuku.html,0,1,0%,5
https://ryoei.pro/houou_leagues.html?name=%E5%A4%A7%E5%AE%AE%E8%93%AE,0,1,0%,6
https://ryoei.pro/jpml_titles.html?name=%E5%92%8C%E4%B9%85%E6%B4%A5%E6%99%B6,0,1,0%,7
https://ryoei.pro/jpml_titles.html?name=%E5%A4%A7%E5%8E%9F%E4%BC%B4%E5%93%89,0,1,0%,8
https://ryoei.pro/houou_leagues.html?name=%E5%BE%8C%E8%97%A4%E5%92%B2,0,1,0%,9
https://ryoei.pro/houou_ranking.html,0,1,0%,9
https://ryoei.pro/houou_results.html?name=%E9%BB%92%E5%B4%8E%E8%8D%98%E5%A4%AA,0,1,0%,9
https://ryoei.pro/jpml_titles.html,0,1,0%,9
https://ryoei.pro/video_live.html?name=%E6%96%B0%E4%BA%95%E9%A7%BF%E4%B8%80,0,1,0%,9
https://ryoei.pro/ouka_results.html?name=%E5%BE%8C%E8%97%A4%E7%9C%9F%E5%B8%86,0,1,0%,21
https://ryoei.pro/jpml_titles.html?name=%E9%88%B4%E6%9C%A8%E5%A4%A7%E4%BB%8B,0,1,0%,30
https://ryoei.pro/houou_results.html?name=%E5%BE%8C%E8%97%A4%E6%AD%A3%E5%8D%9A,0,1,0%,40
